method,actual_backbone,n,mIoU,pixel_acc,IoU_background,IoU_grasp,IoU_cut,IoU_scoop,IoU_contain,IoU_support
qwen25vl,qwen2vl_2b,28,0.01171493706893302,0.06255142612290451,0.061524189596023245,0.0063372558074331845,0.0005278122421392398,0.0,0.0,0.0019003647680024488
