n_train,mIoU
10,0.32211129342820394
30,0.5255256482380358
60,0.6562858292137674
100,0.668779232790504
130,0.6744195660251537
