method,actual_backbone,n,mIoU,pixel_acc,IoU_background,IoU_grasp,IoU_cut,IoU_scoop,IoU_contain,IoU_support
dinov2,dinov2,29,0.6134447017285624,0.9929865837768297,0.9934358106131537,0.5273248229593739,0.47413793103448276,0.5471798984228816,0.7041662257028962,0.43442352163858605
