method,actual_backbone,n,mIoU,pixel_acc,IoU_background,IoU_grasp,IoU_cut,IoU_scoop,IoU_contain,IoU_support
openpi_siglip,openpi_siglip,29,0.6043889719661631,0.9913287984913793,0.9915300871390601,0.3811639004772052,0.5492079207920793,0.5330246913580247,0.6166159606833607,0.5547912713472486
