method,actual_backbone,n,mIoU,pixel_acc,IoU_background,IoU_grasp,IoU_cut,IoU_scoop,IoU_contain,IoU_support
siglip2,siglip,29,0.4606043799397408,0.9893535745554957,0.9896903286876108,0.25231305930532383,0.2723990069961634,0.36504683840749413,0.4847205245027225,0.39945652173913043
