{
  "iou_point": [
    0.9949925380880236,
    0.5095005168536931,
    0.6476467756355884,
    0.7262366349430149,
    0.7898885507214644,
    0.7098676869121633
  ],
  "iou_mean": [
    0.9949959071865727,
    0.5093982659896128,
    0.6330319021222808,
    0.7227840412170737,
    0.7901302675726902,
    0.7094375547662527
  ],
  "iou_ci_lo": [
    0.9944448941902387,
    0.4569076758066069,
    0.4804478295467256,
    0.6567724934560016,
    0.7542181586378698,
    0.6802902099161
  ],
  "iou_ci_hi": [
    0.9955340346103709,
    0.554647089632771,
    0.7289945206902996,
    0.7714054855771336,
    0.8158136611775901,
    0.7395997128870457
  ],
  "n_images": 75,
  "n_boot": 1000
}