{
  "iou_point": [
    0.9951746204961855,
    0.540103212918262,
    0.5700513846573598,
    0.778028037746107,
    0.774167897307736,
    0.7427740518725147
  ],
  "iou_mean": [
    0.9951714280294661,
    0.5376707032699042,
    0.5523445285513465,
    0.7751120152270516,
    0.7733876612425409,
    0.7428249437702874
  ],
  "iou_ci_lo": [
    0.9947445094114002,
    0.4875921647656916,
    0.402933213435635,
    0.7036394242643035,
    0.7271654062598604,
    0.7187395143086308
  ],
  "iou_ci_hi": [
    0.9955800757525393,
    0.5820586284893945,
    0.6706119336769654,
    0.8228094462131779,
    0.8117347898982963,
    0.7632464921890366
  ],
  "n_images": 73,
  "n_boot": 1000
}