{
  "iou_point": [
    0.9948090687560724,
    0.5123477530449391,
    0.6360599051424032,
    0.6972466128968176,
    0.7858518011465732,
    0.7122213268869192
  ],
  "iou_mean": [
    0.9948013952741918,
    0.5107795177954797,
    0.6238748073369993,
    0.6910541981885686,
    0.7831844865189433,
    0.7112105695421804
  ],
  "iou_ci_lo": [
    0.9941743709267702,
    0.4570305793306448,
    0.4921600841388148,
    0.5530621089418086,
    0.7367350933164221,
    0.6769455360828556
  ],
  "iou_ci_hi": [
    0.9953305409224669,
    0.5583108644313871,
    0.6972009648629219,
    0.7855296361518409,
    0.8170711356034028,
    0.7425356466793559
  ],
  "n_images": 75,
  "n_boot": 1000
}