{
  "iou_point": [
    0.9950055170892692,
    0.5338401775804662,
    0.5781840829218382,
    0.7833782674950182,
    0.7286780686005858,
    0.7349854745953637
  ],
  "iou_mean": [
    0.9950029898549679,
    0.5321638759194792,
    0.5605945598591576,
    0.7823580961052619,
    0.7280101548050941,
    0.7340523030500381
  ],
  "iou_ci_lo": [
    0.9943766559636067,
    0.4822101390466165,
    0.41624893960440923,
    0.7481370227513996,
    0.6081675734964899,
    0.7029822052383738
  ],
  "iou_ci_hi": [
    0.9955578059445099,
    0.5778579846398577,
    0.6568996969430576,
    0.8120446535083964,
    0.8095113745348553,
    0.7583762672206121
  ],
  "n_images": 73,
  "n_boot": 1000
}