{
  "iou_point": [
    0.9873751287590967,
    0.0,
    0.0,
    0.0,
    0.0,
    0.0
  ],
  "iou_mean": [
    0.9873551943008226,
    0.0,
    0.0,
    0.0,
    0.0,
    0.0
  ],
  "iou_ci_lo": [
    0.9858277778102926,
    0.0,
    0.0,
    0.0,
    0.0,
    0.0
  ],
  "iou_ci_hi": [
    0.9888465724579275,
    0.0,
    0.0,
    0.0,
    0.0,
    0.0
  ],
  "n_images": 73,
  "n_boot": 1000
}