{
  "iou_point": [
    0.9866463216145833,
    0.0,
    0.0,
    0.0,
    0.0,
    0.0
  ],
  "iou_mean": [
    0.9866593141682938,
    0.0,
    0.0,
    0.0,
    0.0,
    0.0
  ],
  "iou_ci_lo": [
    0.9846253509521484,
    0.0,
    0.0,
    0.0,
    0.0,
    0.0
  ],
  "iou_ci_hi": [
    0.9885429077148438,
    0.0,
    0.0,
    0.0,
    0.0,
    0.0
  ],
  "n_images": 75,
  "n_boot": 1000
}