{
  "iou_point": [
    0.9925163745343708,
    0.36076948590381425,
    0.5013484439865459,
    0.5617136009586579,
    0.6676862515626247,
    0.505922837667924
  ],
  "iou_mean": [
    0.9924964671462161,
    0.3606299411413666,
    0.48687296502936983,
    0.5583553802566784,
    0.6674671653976291,
    0.5041867666629337
  ],
  "iou_ci_lo": [
    0.9914850087696562,
    0.3146319285994958,
    0.32905653933466095,
    0.43123053392598104,
    0.5960113907470171,
    0.3502878359308051
  ],
  "iou_ci_hi": [
    0.9933574276066184,
    0.4045761297769297,
    0.5867473121116827,
    0.6504463721336791,
    0.7210146917798063,
    0.621880475872725
  ],
  "n_images": 75,
  "n_boot": 1000
}