{
  "iou_point": [
    0.9925791863846694,
    0.35937672976862617,
    0.45455065172650355,
    0.5783121301085792,
    0.6492492779223259,
    0.625276992435241
  ],
  "iou_mean": [
    0.9925741754623599,
    0.35891748065870294,
    0.427304604341399,
    0.5756095722766892,
    0.6497613265173439,
    0.625441858961787
  ],
  "iou_ci_lo": [
    0.9918712951045697,
    0.31174041086807014,
    0.1918093609267124,
    0.51144012271574,
    0.5981240520642352,
    0.545612627712056
  ],
  "iou_ci_hi": [
    0.9932683061375596,
    0.40863859928272456,
    0.5891160181234455,
    0.6381385383230582,
    0.6981277414075964,
    0.6920957570559205
  ],
  "n_images": 73,
  "n_boot": 1000
}