{
  "iou_point": [
    0.991921851885231,
    0.2950563746747615,
    0.2593068035943517,
    0.5445235975066786,
    0.6368715083798883,
    0.529678394129074
  ],
  "iou_mean": [
    0.9919369239364643,
    0.29314770043135846,
    0.23634592818347136,
    0.5412373202219789,
    0.6353627173862694,
    0.5248113482522904
  ],
  "iou_ci_lo": [
    0.9909224126935035,
    0.23732351089688455,
    0.046851249657372106,
    0.4078116000270231,
    0.5638827868854079,
    0.4028527250760636
  ],
  "iou_ci_hi": [
    0.992784894905471,
    0.34625736252430195,
    0.35520769368783073,
    0.6422607357947107,
    0.6911423592330707,
    0.6090186564533941
  ],
  "n_images": 73,
  "n_boot": 1000
}