{
  "iou_point": [
    0.9912358286190062,
    0.2599410898379971,
    0.38113170151620257,
    0.48488745980707393,
    0.5508601676224084,
    0.4599786552828175
  ],
  "iou_mean": [
    0.9912275194077717,
    0.25955689613611366,
    0.3595534274483729,
    0.47946346805035095,
    0.5445768060273772,
    0.45992633358297696
  ],
  "iou_ci_lo": [
    0.9900833139876332,
    0.19620128485616287,
    0.0956580405710201,
    0.33588602293625236,
    0.43706377687497855,
    0.3439789130708022
  ],
  "iou_ci_hi": [
    0.9922583109563918,
    0.3144203399182564,
    0.4969264442652238,
    0.5835434649315694,
    0.6361788031088862,
    0.5756179420192146
  ],
  "n_images": 75,
  "n_boot": 1000
}