{
  "iou_point": [
    0.9920650029159452,
    0.30742958527389663,
    0.1808235528148001,
    0.545156482861401,
    0.6383797239194388,
    0.4527363184079602
  ],
  "iou_mean": [
    0.9920391441550055,
    0.3059482577952909,
    0.16205401900405914,
    0.5412315424446612,
    0.6375712670803593,
    0.4444162582716108
  ],
  "iou_ci_lo": [
    0.990943975955417,
    0.24987296645995144,
    0.01257747042155948,
    0.41995762674640663,
    0.5619240951725587,
    0.3021853511080439
  ],
  "iou_ci_hi": [
    0.9929784281474243,
    0.35802389105779936,
    0.31929451393650815,
    0.623301114090824,
    0.6987908113431172,
    0.5505868230882899
  ],
  "n_images": 73,
  "n_boot": 1000
}