{
  "iou_point": [
    0.9879384044796543,
    0.028440885055701012,
    0.0,
    0.0,
    0.005768470960094824,
    0.05218508997429306
  ],
  "iou_mean": [
    0.9879418725538595,
    0.028300088612847094,
    0.0,
    0.0,
    0.0057577602133567695,
    0.05434033585654979
  ],
  "iou_ci_lo": [
    0.9863030551945232,
    0.013079423790520706,
    0.0,
    0.0,
    0.0,
    0.0
  ],
  "iou_ci_hi": [
    0.9894890998605849,
    0.0482570340183619,
    0.0,
    0.0,
    0.018523333278791083,
    0.15200557236067053
  ],
  "n_images": 73,
  "n_boot": 1000
}