{
  "iou_point": [
    0.9911299445361379,
    0.2753600352944884,
    0.19317174105823234,
    0.4425320549844057,
    0.5663832199546486,
    0.37053123955897094
  ],
  "iou_mean": [
    0.9911425790970103,
    0.27420852075209506,
    0.1709572467300443,
    0.438774869764275,
    0.5636998153658066,
    0.3618658864944337
  ],
  "iou_ci_lo": [
    0.9901244474752946,
    0.22919516556819258,
    0.0,
    0.2965193773029762,
    0.49357523182286855,
    0.23511354359347691
  ],
  "iou_ci_hi": [
    0.9919907651819522,
    0.3155917231349574,
    0.2937803357702756,
    0.5567561365444975,
    0.626134294475695,
    0.4766329718481853
  ],
  "n_images": 73,
  "n_boot": 1000
}