{
  "iou_point": [
    0.9906285621684133,
    0.24354124228020824,
    0.3666765096707515,
    0.41312649164677806,
    0.5383676092544987,
    0.42059672762271416
  ],
  "iou_mean": [
    0.9906197647365163,
    0.2413338950344761,
    0.35047117570187786,
    0.40251557639857305,
    0.5337610271620211,
    0.4212060467745723
  ],
  "iou_ci_lo": [
    0.9894495861450371,
    0.18275676821853157,
    0.14129169760392304,
    0.2533417937936642,
    0.44222343117021257,
    0.28828322983096155
  ],
  "iou_ci_hi": [
    0.9916593070384345,
    0.2957167906176958,
    0.4760695796099611,
    0.5138491390856046,
    0.6127315436842206,
    0.5469524478467831
  ],
  "n_images": 75,
  "n_boot": 1000
}