{
  "pi0": {
    "pearson": 0.7889618552421183,
    "pearson_p": 0.11262268404170209,
    "spearman": 0.8999999999999998,
    "spearman_p": 0.03738607346849874
  },
  "pi05": {
    "pearson": 0.4978217234490186,
    "pearson_p": 0.3934058531883621,
    "spearman": 0.49999999999999994,
    "spearman_p": 0.39100221895577053
  },
  "openvla": {
    "pearson": 0.9533567021339989,
    "pearson_p": 0.012007584517456994,
    "spearman": 0.7,
    "spearman_p": 0.1881204043741873
  }
}