{
  "bg": {
    "n_patches": 18503,
    "cos_standalone_pi0": 0.7158224582672119,
    "cos_standalone_pi05": 0.5417019724845886,
    "cos_standalone_openvla": 0.5042388439178467
  },
  "grasp": {
    "n_patches": 66,
    "cos_standalone_pi0": 0.5394644737243652,
    "cos_standalone_pi05": 0.4853155314922333,
    "cos_standalone_openvla": 0.5425302982330322
  },
  "cut": {
    "n_patches": 17,
    "cos_standalone_pi0": 0.5007131695747375,
    "cos_standalone_pi05": 0.5217081308364868,
    "cos_standalone_openvla": 0.45443055033683777
  },
  "scoop": {
    "n_patches": 29,
    "cos_standalone_pi0": 0.6431112289428711,
    "cos_standalone_pi05": 0.6025551557540894,
    "cos_standalone_openvla": 0.5673139691352844
  },
  "contain": {
    "n_patches": 55,
    "cos_standalone_pi0": 0.6573572158813477,
    "cos_standalone_pi05": 0.6212515830993652,
    "cos_standalone_openvla": 0.5643221139907837
  },
  "support": {
    "n_patches": 18,
    "cos_standalone_pi0": 0.5729963183403015,
    "cos_standalone_pi05": 0.6080353856086731,
    "cos_standalone_openvla": 0.5066418647766113
  }
}