method,actual_backbone,n,mIoU,pixel_acc,IoU_background,IoU_grasp,IoU_cut,IoU_scoop,IoU_contain,IoU_support
dinov2_large,dinov2_large,75,0.7296887838589913,0.9947492825255102,0.9949925380880236,0.5095005168536931,0.6476467756355884,0.7262366349430149,0.7898885507214644,0.7098676869121633
