method,actual_backbone,n,mIoU,pixel_acc,IoU_background,IoU_grasp,IoU_cut,IoU_scoop,IoU_contain,IoU_support
dinov2,dinov2,75,0.7230894113122873,0.994606252657313,0.9948090687560724,0.5123477530449391,0.6360599051424032,0.6972466128968176,0.7858518011465732,0.7122213268869192
