method,actual_backbone,n,mIoU,pixel_acc,IoU_background,IoU_grasp,IoU_cut,IoU_scoop,IoU_contain,IoU_support
openpi_siglip,openpi_siglip,75,0.5983261657689896,0.9920681423611111,0.9925163745343708,0.36076948590381425,0.5013484439865459,0.5617136009586579,0.6676862515626247,0.505922837667924
