method,actual_backbone,n,mIoU,pixel_acc,IoU_background,IoU_grasp,IoU_cut,IoU_scoop,IoU_contain,IoU_support
openvla_siglip,openvla_siglip,75,0.5126992771279969,0.9910119047619048,0.9911163289380092,0.26321768766931747,0.38361301209337206,0.40160708428993114,0.597389213328753,0.4392523364485981
