method,actual_backbone,n,mIoU,pixel_acc,IoU_background,IoU_grasp,IoU_cut,IoU_scoop,IoU_contain,IoU_support
pi0_siglip,pi0_siglip,75,0.5213391504475843,0.9911054421768708,0.9912358286190062,0.2599410898379971,0.38113170151620257,0.48488745980707393,0.5508601676224084,0.4599786552828175
