method,actual_backbone,n,mIoU,pixel_acc,IoU_background,IoU_grasp,IoU_cut,IoU_scoop,IoU_contain,IoU_support
siglip2,siglip,75,0.49548952377389405,0.9904899088541667,0.9906285621684133,0.24354124228020824,0.3666765096707515,0.41312649164677806,0.5383676092544987,0.42059672762271416
