{
  "dinov2_base": {
    "mean_l2": 1.100628137588501,
    "median_l2": 1.0140180587768555,
    "std_l2": 0.48192068934440613,
    "per_dim_mae": [
      0.3050655424594879,
      0.41556671261787415,
      0.28163576126098633,
      0.31799206137657166,
      0.316211074590683,
      0.4087211787700653,
      0.29398903250694275,
      0.30561646819114685
    ],
    "n_train": 1702,
    "n_test": 426,
    "feat_dim": 768
  },
  "dinov2_large": {
    "mean_l2": 1.0867732763290405,
    "median_l2": 0.9998836517333984,
    "std_l2": 0.47383102774620056,
    "per_dim_mae": [
      0.30677053332328796,
      0.4099094867706299,
      0.2745170295238495,
      0.31834226846694946,
      0.3355552554130554,
      0.37777021527290344,
      0.27330660820007324,
      0.2767782509326935
    ],
    "n_train": 1702,
    "n_test": 426,
    "feat_dim": 1024
  },
  "standalone_siglip": {
    "mean_l2": 1.3777532577514648,
    "median_l2": 1.2721476554870605,
    "std_l2": 0.573408842086792,
    "per_dim_mae": [
      0.382025808095932,
      0.5143657922744751,
      0.33830195665359497,
      0.41058847308158875,
      0.3890581429004669,
      0.4777573049068451,
      0.36502549052238464,
      0.40262871980667114
    ],
    "n_train": 1702,
    "n_test": 426,
    "feat_dim": 1152
  },
  "pi0_siglip": {
    "mean_l2": 1.093631625175476,
    "median_l2": 1.033618450164795,
    "std_l2": 0.451111763715744,
    "per_dim_mae": [
      0.3070826232433319,
      0.41207176446914673,
      0.25962120294570923,
      0.3228074312210083,
      0.28037214279174805,
      0.40833723545074463,
      0.2826544940471649,
      0.3149963915348053
    ],
    "n_train": 1702,
    "n_test": 426,
    "feat_dim": 1152
  },
  "pi05_siglip": {
    "mean_l2": 1.212555170059204,
    "median_l2": 1.0899343490600586,
    "std_l2": 0.5335009694099426,
    "per_dim_mae": [
      0.32186728715896606,
      0.4641437828540802,
      0.2939850389957428,
      0.35607975721359253,
      0.3324524462223053,
      0.4327484965324402,
      0.3228730857372284,
      0.36447688937187195
    ],
    "n_train": 1702,
    "n_test": 426,
    "feat_dim": 1152
  },
  "openvla_siglip": {
    "mean_l2": 1.3110865354537964,
    "median_l2": 1.2536797523498535,
    "std_l2": 0.5119445323944092,
    "per_dim_mae": [
      0.36428102850914,
      0.4700058400630951,
      0.3441378176212311,
      0.3867889642715454,
      0.37292584776878357,
      0.462232381105423,
      0.336506724357605,
      0.38673117756843567
    ],
    "n_train": 1702,
    "n_test": 426,
    "feat_dim": 1152
  },
  "pi0_adapter": {
    "mean_l2": 0.9362238645553589,
    "median_l2": 0.869507372379303,
    "std_l2": 0.4188562333583832,
    "per_dim_mae": [
      0.24641701579093933,
      0.36378756165504456,
      0.21772506833076477,
      0.2654506266117096,
      0.25764840841293335,
      0.33752524852752686,
      0.24257156252861023,
      0.29523003101348877
    ],
    "n_train": 1702,
    "n_test": 426,
    "feat_dim": 256
  },
  "pi05_adapter": {
    "mean_l2": 0.9630270004272461,
    "median_l2": 0.8962255716323853,
    "std_l2": 0.43513235449790955,
    "per_dim_mae": [
      0.2550380825996399,
      0.3703972101211548,
      0.2348509132862091,
      0.27639836072921753,
      0.27357810735702515,
      0.34463199973106384,
      0.2515687048435211,
      0.30269327759742737
    ],
    "n_train": 1702,
    "n_test": 426,
    "feat_dim": 256
  }
}