{
  "pi0_random_proj_256": {
    "mean_l2": 0.9329557418823242,
    "median_l2": 0.8842489719390869,
    "std_l2": 0.421053946018219,
    "per_dim_mae": [
      0.24115332961082458,
      0.36365658044815063,
      0.226693794131279,
      0.26807355880737305,
      0.26469215750694275,
      0.3422873020172119,
      0.23693011701107025,
      0.2788833677768707
    ]
  },
  "standalone_random_proj_256": {
    "mean_l2": 1.038462519645691,
    "median_l2": 0.9498720765113831,
    "std_l2": 0.4632021486759186,
    "per_dim_mae": [
      0.2789923846721649,
      0.39794087409973145,
      0.23533378541469574,
      0.3085426390171051,
      0.2823483943939209,
      0.37478020787239075,
      0.27273425459861755,
      0.31706711649894714
    ]
  }
}