{
  "dinov2_base": {
    "handle": {
      "val": {
        "mean_l2": 0.13771674036979675,
        "median_l2": 0.11897989362478256,
        "std_l2": 0.07019121199846268,
        "per_dim_mae": [
          0.1147196888923645,
          0.05447990819811821
        ]
      },
      "test": {
        "mean_l2": 0.12785562872886658,
        "median_l2": 0.11234292387962341,
        "std_l2": 0.0820920318365097,
        "per_dim_mae": [
          0.10506989806890488,
          0.05205405130982399
        ]
      }
    },
    "blade": {
      "val": {
        "mean_l2": 0.07125858962535858,
        "median_l2": 0.05963663011789322,
        "std_l2": 0.033339973539114,
        "per_dim_mae": [
          0.04510747641324997,
          0.04435679316520691
        ]
      },
      "test": {
        "mean_l2": 0.09043917804956436,
        "median_l2": 0.09628117084503174,
        "std_l2": 0.04633826017379761,
        "per_dim_mae": [
          0.06274110078811646,
          0.048561789095401764
        ]
      }
    },
    "orient": {
      "val": {
        "mean_l2": 0.6257756352424622,
        "median_l2": 0.6318396925926208,
        "std_l2": 0.26527175307273865,
        "per_dim_mae": [
          0.5249152779579163,
          0.2617326080799103
        ]
      },
      "test": {
        "mean_l2": 0.5987101793289185,
        "median_l2": 0.5542910099029541,
        "std_l2": 0.303279310464859,
        "per_dim_mae": [
          0.48958876729011536,
          0.2610616981983185
        ]
      }
    },
    "orient_val_angle_deg_mean": 30.028860092163086,
    "orient_val_angle_deg_median": 19.243206024169922,
    "orient_test_angle_deg_mean": 30.064964294433594,
    "orient_test_angle_deg_median": 22.47332191467285,
    "feat_dim": 768,
    "n_train": 77,
    "n_val": 17,
    "n_test": 22
  },
  "dinov2_large": {
    "handle": {
      "val": {
        "mean_l2": 0.1405348926782608,
        "median_l2": 0.12987872958183289,
        "std_l2": 0.11173612624406815,
        "per_dim_mae": [
          0.13020819425582886,
          0.0370926633477211
        ]
      },
      "test": {
        "mean_l2": 0.15829963982105255,
        "median_l2": 0.1439783126115799,
        "std_l2": 0.09655895084142685,
        "per_dim_mae": [
          0.10302942246198654,
          0.08815484493970871
        ]
      }
    },
    "blade": {
      "val": {
        "mean_l2": 0.07482647895812988,
        "median_l2": 0.07642039656639099,
        "std_l2": 0.033231835812330246,
        "per_dim_mae": [
          0.05870341137051582,
          0.037323445081710815
        ]
      },
      "test": {
        "mean_l2": 0.09215125441551208,
        "median_l2": 0.08780256658792496,
        "std_l2": 0.06858549267053604,
        "per_dim_mae": [
          0.0665796548128128,
          0.04411875829100609
        ]
      }
    },
    "orient": {
      "val": {
        "mean_l2": 0.6222779154777527,
        "median_l2": 0.4951823651790619,
        "std_l2": 0.43276336789131165,
        "per_dim_mae": [
          0.554516077041626,
          0.18591941893100739
        ]
      },
      "test": {
        "mean_l2": 0.744082510471344,
        "median_l2": 0.7326346635818481,
        "std_l2": 0.40670156478881836,
        "per_dim_mae": [
          0.5838924646377563,
          0.328004390001297
        ]
      }
    },
    "orient_val_angle_deg_mean": 34.81306076049805,
    "orient_val_angle_deg_median": 23.921855926513672,
    "orient_test_angle_deg_mean": 54.284523010253906,
    "orient_test_angle_deg_median": 39.871681213378906,
    "feat_dim": 1024,
    "n_train": 77,
    "n_val": 17,
    "n_test": 22
  },
  "standalone_siglip": {
    "handle": {
      "val": {
        "mean_l2": 0.17149105668067932,
        "median_l2": 0.17652267217636108,
        "std_l2": 0.08988761901855469,
        "per_dim_mae": [
          0.12750694155693054,
          0.08632563799619675
        ]
      },
      "test": {
        "mean_l2": 0.1597638726234436,
        "median_l2": 0.12454509735107422,
        "std_l2": 0.11372818797826767,
        "per_dim_mae": [
          0.10607966780662537,
          0.08972067385911942
        ]
      }
    },
    "blade": {
      "val": {
        "mean_l2": 0.07817897200584412,
        "median_l2": 0.07302097976207733,
        "std_l2": 0.040527913719415665,
        "per_dim_mae": [
          0.053267668932676315,
          0.04531317576766014
        ]
      },
      "test": {
        "mean_l2": 0.08971256762742996,
        "median_l2": 0.0783815085887909,
        "std_l2": 0.06072587892413139,
        "per_dim_mae": [
          0.05655467510223389,
          0.05300001800060272
        ]
      }
    },
    "orient": {
      "val": {
        "mean_l2": 0.6588397026062012,
        "median_l2": 0.5939094424247742,
        "std_l2": 0.38333287835121155,
        "per_dim_mae": [
          0.46917805075645447,
          0.3925437927246094
        ]
      },
      "test": {
        "mean_l2": 0.7205684185028076,
        "median_l2": 0.6522029042243958,
        "std_l2": 0.3865594267845154,
        "per_dim_mae": [
          0.4691865146160126,
          0.44270744919776917
        ]
      }
    },
    "orient_val_angle_deg_mean": 38.953216552734375,
    "orient_val_angle_deg_median": 29.435522079467773,
    "orient_test_angle_deg_mean": 48.00273513793945,
    "orient_test_angle_deg_median": 38.12548065185547,
    "feat_dim": 1152,
    "n_train": 77,
    "n_val": 17,
    "n_test": 22
  },
  "pi0_siglip": {
    "handle": {
      "val": {
        "mean_l2": 0.11544167250394821,
        "median_l2": 0.10081104189157486,
        "std_l2": 0.061199434101581573,
        "per_dim_mae": [
          0.09012167900800705,
          0.05457751080393791
        ]
      },
      "test": {
        "mean_l2": 0.09404321014881134,
        "median_l2": 0.08413688838481903,
        "std_l2": 0.08115602284669876,
        "per_dim_mae": [
          0.05963406339287758,
          0.05692923069000244
        ]
      }
    },
    "blade": {
      "val": {
        "mean_l2": 0.05790029093623161,
        "median_l2": 0.05529331788420677,
        "std_l2": 0.038586750626564026,
        "per_dim_mae": [
          0.03646238520741463,
          0.037958838045597076
        ]
      },
      "test": {
        "mean_l2": 0.08181057125329971,
        "median_l2": 0.07573726773262024,
        "std_l2": 0.05322808772325516,
        "per_dim_mae": [
          0.05291401222348213,
          0.04773577302694321
        ]
      }
    },
    "orient": {
      "val": {
        "mean_l2": 0.4989302158355713,
        "median_l2": 0.36583349108695984,
        "std_l2": 0.32392653822898865,
        "per_dim_mae": [
          0.393178790807724,
          0.24088916182518005
        ]
      },
      "test": {
        "mean_l2": 0.5699390172958374,
        "median_l2": 0.5249655246734619,
        "std_l2": 0.3520142138004303,
        "per_dim_mae": [
          0.4435528516769409,
          0.2841722071170807
        ]
      }
    },
    "orient_val_angle_deg_mean": 27.975378036499023,
    "orient_val_angle_deg_median": 15.183345794677734,
    "orient_test_angle_deg_mean": 33.939579010009766,
    "orient_test_angle_deg_median": 20.92926597595215,
    "feat_dim": 1152,
    "n_train": 77,
    "n_val": 17,
    "n_test": 22
  },
  "pi05_siglip": {
    "handle": {
      "val": {
        "mean_l2": 0.12155615538358688,
        "median_l2": 0.08518024533987045,
        "std_l2": 0.10284440219402313,
        "per_dim_mae": [
          0.09849152714014053,
          0.05153591185808182
        ]
      },
      "test": {
        "mean_l2": 0.13723759353160858,
        "median_l2": 0.11652088910341263,
        "std_l2": 0.11102386564016342,
        "per_dim_mae": [
          0.118076853454113,
          0.040742602199316025
        ]
      }
    },
    "blade": {
      "val": {
        "mean_l2": 0.07983959466218948,
        "median_l2": 0.07796233892440796,
        "std_l2": 0.0419270284473896,