method,actual_backbone,n,mIoU,pixel_acc,IoU_background,IoU_grasp,IoU_cut,IoU_scoop,IoU_contain,IoU_support
openvla_siglip,openvla_siglip,73,0.5204921473534009,0.9919524370107632,0.9920725753624442,0.29055966401899025,0.23078404931612406,0.49742424242424244,0.6246094331200714,0.48750291987853306
