{
  "backbone": "openvla_siglip",
  "adapter_hidden": 256,
  "epochs": 40,
  "adapter_params": 296710,
  "val": {
    "miou": 0.6040617998120904,
    "per_class": {
      "bg": 0.9933846413505821,
      "grasp": 0.32365699032365697,
      "cut": 0.3793826219512195,
      "scoop": 0.6431541906589892,
      "contain": 0.6885668765647524,
      "support": 0.5962254780233425
    }
  },
  "test": {
    "miou": 0.60069997934745,
    "per_class": {
      "bg": 0.9925563698680182,
      "grasp": 0.30555179111894115,
      "cut": 0.5206989247311828,
      "scoop": 0.5040361640297062,
      "contain": 0.6997776789684305,
      "support": 0.5815789473684211
    }
  }
}