{
  "backbone": "pi0_siglip",
  "adapter_hidden": 256,
  "adapter_params": 296710,
  "epochs": 40,
  "lr": 0.002,
  "val": {
    "miou": 0.6419295303340363,
    "per_class": {
      "bg": 0.9936011739994811,
      "grasp": 0.4297587674842895,
      "cut": 0.40456605673996976,
      "scoop": 0.7010428736964078,
      "contain": 0.7717541185862544,
      "support": 0.5508541914978149
    }
  },
  "test": {
    "miou": 0.6559215970515763,
    "per_class": {
      "bg": 0.9932164507236814,
      "grasp": 0.4104471443920985,
      "cut": 0.5081481481481481,
      "scoop": 0.645225975628567,
      "contain": 0.7460408632149012,
      "support": 0.632451000202061
    }
  }
}