{
  "backbone": "pi05_siglip",
  "adapter_hidden": 256,
  "adapter_params": 296710,
  "epochs": 40,
  "lr": 0.002,
  "val": {
    "miou": 0.632298725095837,
    "per_class": {
      "bg": 0.9933648267048534,
      "grasp": 0.36621872103799813,
      "cut": 0.48341798625634896,
      "scoop": 0.6332382762991128,
      "contain": 0.6883097204333661,
      "support": 0.6292428198433421
    }
  },
  "test": {
    "miou": 0.6179903419317434,
    "per_class": {
      "bg": 0.9926018554161935,
      "grasp": 0.337297345448067,
      "cut": 0.4912929469508505,
      "scoop": 0.5789387487716999,
      "contain": 0.6869099491648512,
      "support": 0.6209012058387984
    }
  }
}